,precision_wn,recall_wn,precision_cn,recall_cn
0,0.2,0.4866666666666667,0.36,0.2444710958537392
1,1.0,1.0,1.0,1.0
2,0.4444444444444444,0.09054834054834054,0.7777777777777777,0.04262381883349625
3,0.3333333333333333,0.2638888888888889,0.3333333333333333,0.007032334458506847
4,1.0,0.037037037037037035,1.0,0.3333333333333333
5,1.0,0.1111111111111111,1.0,0.5
6,0.1,0.287888198757764,0.12000000000000002,0.023636540189491326
7,0.16666666666666666,0.5904761904761905,0.16666666666666666,0.25578311814832994
8,0.25,0.140625,0.25,0.017220481463294215
9,0.08875739644970414,0.09234384701891335,0.11242603550295856,0.014972261405724099
10,0.09917355371900825,0.2346813910985034,0.20661157024793386,0.025604704957449164
11,0.058823529411764705,0.540618798126538,0.058823529411764705,0.3655858534323011
12,0.16666666666666666,0.11849415204678361,0.16666666666666666,0.1376057876057876
13,0.2,0.13987493987493987,0.44000000000000006,0.018052065176388698
14,0.2,0.2276190476190476,0.2,0.007535733446289564
15,0.25,0.2393939393939394,0.375,0.028740385286989432
16,0.16444444444444448,0.38977398819504094,0.18222222222222226,0.13010326572610625
17,0.09722222222222221,0.09804547852615537,0.09722222222222222,0.10550574241779065
18,1.0,0.06666666666666667,1.0,0.009345794392523364
19,0.2,1.0,0.2,0.8000716589036188
20,0.25,0.041011072261072264,0.25,0.08958333333333332
21,0.5,0.09523809523809523,0.5,0.15476190476190477
22,0.06575963718820861,0.10455900940765929,0.24716553287981866,0.037501233076147666
23,0.05555555555555555,0.5977983516146317,0.10802469135802469,0.03621690962733762
24,0.3333333333333333,0.8333333333333334,0.3333333333333333,0.08224980299448384
25,0.1234567901234568,0.14109347442680775,0.16049382716049385,0.04781445627129754
26,0.3125,0.08630952380952381,0.375,0.13360392223234388
27,0.5,0.09226190476190475,0.5,0.012244152046783625
28,0.14285714285714282,0.1730777159348588,0.18367346938775506,0.1439158667419537
29,0.3333333333333333,1.0,0.3333333333333333,1.0
30,0.08875739644970414,0.11791622520719511,0.19526627218934914,0.026128087172538325
31,1.0,0.08333333333333333,1.0,0.023255813953488372
32,0.3333333333333333,0.3888888888888889,0.3333333333333333,0.040782436162870944
33,0.5,0.05974025974025974,0.5,0.23809523809523808
34,0.5,0.3333333333333333,0.5,0.07142857142857142
35,0.16666666666666666,0.638888888888889,0.16666666666666666,0.020127408708473526
36,0.5,0.17142857142857143,0.5,0.2672413793103448
37,0.125,0.07986118213122931,0.125,0.09958252043849869
38,0.0703125,0.11427787790595284,0.2109375,0.0566337189132116
39,0.09917355371900825,0.10627344877344877,0.28925619834710736,0.048945550827347084
40,0.125,0.19046306022408963,0.125,0.2203644429469901
41,0.09722222222222221,0.09578762060379707,0.11805555555555554,0.10585193752109778
42,1.0,0.3333333333333333,1.0,0.017543859649122806
43,0.25,0.15739989177489178,0.25,0.02456359780303442
44,0.0657439446366782,0.28255491144764505,0.30795847750865046,0.06923805924693388
45,0.5,0.08391608391608392,0.5,0.13392857142857142
46,0.08444444444444445,0.26290684624017957,0.06666666666666667,0.28881574852163083
47,0.3333333333333333,0.08062770562770562,0.3333333333333333,0.010834671285234491
48,0.25,0.06846405228758169,0.25,0.0390994623655914
49,0.5,0.08571428571428572,0.5,0.1513157894736842
50,0.25,0.20833333333333331,0.375,0.008182872823020862
51,0.14285714285714282,0.1610544217687075,0.14285714285714282,0.35416666666666663
52,0.5,0.11688311688311688,0.5,0.20833333333333331
53,0.24000000000000005,0.05588760750540326,0.36,0.08890734265734265
54,0.25,0.14303977272727272,0.375,0.025942147681278116
55,0.1322314049586777,0.1688975796930342,0.1487603305785124,0.04608594303827094
56,0.12000000000000002,0.2514484126984127,0.16,0.03010584847670116
57,0.15625,0.18163406277630417,0.125,0.0850658094065802
58,0.3333333333333333,0.13775687913618948,0.3333333333333333,0.004810124362734139
59,0.1234567901234568,0.15109347442680776,0.1358024691358025,0.13602292768959434
60,0.25,0.0818001443001443,0.25,0.10670880791937504
61,0.1,0.12996876996876996,0.16,0.012022026278258071
62,0.1,0.14550480171169827,0.12000000000000002,0.044847371906894
63,1.0,0.5,1.0,0.0625
64,0.125,0.19920704295704295,0.125,0.1264225589225589
65,0.24000000000000005,0.07563492063492064,0.36000000000000004,0.12507326007326008
66,0.5,0.06340579710144928,0.5,0.004842870544090057
67,0.16666666666666666,0.15267273576097107,0.2222222222222222,0.006815815092984745
68,0.25,0.19166666666666665,0.25,0.01591527499743161
69,0.25,0.07107408720311945,0.375,0.11344246031746032
70,0.15625,0.4124503968253968,0.15625,0.10395694488786017
71,0.09090909090909091,0.1031995781995782,0.23966942148760328,0.016666214671524508
72,0.09090909090909091,0.14387446684097402,0.14049586776859502,0.028789848744419522
73,0.24,0.23907407407407405,0.36000000000000004,0.1132936507936508
74,0.25,0.5357142857142857,0.25,0.031657848324514994
75,0.5,0.14166666666666666,0.5,0.002446033825490682
76,0.5,0.1111111111111111,0.5,0.0048304738562091505
77,0.1111111111111111,0.15807915758896152,0.1111111111111111,0.13569805316762718
78,1.0,0.5,1.0,0.5
79,0.16666666666666666,0.3275252525252525,0.16666666666666666,0.1550621763857058
80,0.0625,0.16457532987071527,0.1640625,0.03688129238258283
81,0.5,0.09126984126984126,0.5,0.012637362637362638
82,0.25,1.0,0.25,1.0
83,0.16666666666666666,0.3990740740740741,0.16666666666666666,0.13425925925925924
84,0.19444444444444442,0.18563725490196079,0.2222222222222222,0.34673432214415817
85,0.125,0.16039486273324943,0.3125,0.0161943709379545
86,0.3333333333333333,0.24537037037037038,0.3333333333333333,0.4444444444444444
87,0.08333333333333333,0.1800925925925926,0.08333333333333333,0.41729797979797983
88,0.1111111111111111,0.2336330228772089,0.20987654320987653,0.03222578524190174
89,1.0,0.2,1.0,0.01818181818181818
90,0.06666666666666667,0.0839132141657717,0.1288888888888889,0.010639062889200596
91,0.5,0.125,0.5,0.0196514012303486
92,0.4444444444444444,0.2611111111111111,0.5555555555555555,0.12533227006911218
93,0.140625,0.18906977506721753,0.1875,0.1333215614047636
94,0.3055555555555555,0.1738025619604567,0.2222222222222222,0.06548112611545447
95,0.2,0.08758454106280192,0.2,0.02523872591480149
96,0.2,0.32151515151515153,0.2,0.1922344322344322
97,0.08875739644970414,0.18673105399782977,0.11242603550295857,0.023444469604341392
98,0.5,0.05298913043478261,0.5,0.27380952380952384
99,0.375,0.17054655870445345,0.375,0.023017338333203446
100,0.16326530612244894,0.09787288734657154,0.22448979591836732,0.015973166256525846
101,0.09090909090909091,0.11583139083139082,0.09090909090909091,0.25178806700545836
102,0.25,0.16021825396825395,0.25,0.061732456140350875
103,0.11000000000000001,0.20034893267651888,0.16000000000000003,0.06251864462375664
104,0.15625,0.20528612012987013,0.21875,0.1524462189384727
105,0.07111111111111111,0.17064852377732703,0.12000000000000001,0.06298152599790742
106,0.2,0.15967032967032965,0.2,0.15761904761904763
107,0.16666666666666666,0.21319444444444446,0.16666666666666666,0.11010204776444615
108,0.125,0.16436415912518854,0.125,0.2673076923076923
109,0.140625,0.10109134826526131,0.1875,0.09478899004509486
110,0.5,0.35,0.5,0.5102040816326531
111,0.09090909090909091,0.1272880318334864,0.09090909090909091,0.11565152019697474
112,0.09722222222222222,0.22616310704545997,0.1111111111111111,0.09683080217792701
113,0.08444444444444445,0.16514379669178433,0.23555555555555557,0.09544612751641234
114,0.04545454545454544,0.2840905591992548,0.06198347107438015,0.09308355603464175
115,0.046875,0.3230887407611545,0.11458333333333333,0.0715186472235189
116,0.03448275862068965,0.04146600966894194,0.039239001189060645,0.08672245246174877
117,0.2040816326530612,0.173203984955137,0.26530612244897955,0.11196963715760708
118,0.08875739644970412,0.0840190581367052,0.15976331360946747,0.019636342881426152
119,0.10416666666666667,0.1720535115755704,0.19444444444444445,0.02047769249829674
120,0.08333333333333333,0.3608375420875421,0.20833333333333334,0.03271787614354832
121,1.0,0.16666666666666666,1.0,0.1111111111111111
122,0.25,0.3902777777777778,0.25,0.3886764705882353
123,0.125,0.24272775835275834,0.15625,0.017401227417044564
124,0.24000000000000005,0.10833333333333332,0.2,0.09190944190944192
125,0.25,0.58125,0.25,0.017345694897807153
126,0.125,0.10206387170732978,0.125,0.023462560776726607
127,0.3333333333333333,0.3726851851851852,0.3333333333333333,0.00740562558744377
128,0.25,0.14375,0.375,0.00942069337055589
129,0.5,0.1607142857142857,0.5,0.050171526586620926
130,0.0617283950617284,0.22316755245086708,0.1296296296296296,0.14383899111006182
131,0.5555555555555555,0.09644059644059644,0.5555555555555555,0.06336070296744455
132,0.16666666666666666,0.076982671937033,0.16666666666666666,0.2358345358345358
133,0.3333333333333333,0.17777777777777778,0.3333333333333333,0.029853479853479855
134,0.0703125,0.13898462885763768,0.2578125,0.0359141376536318
135,0.5,0.1875,0.5,0.5
136,0.5,0.11309523809523808,0.5,0.005270655270655271
137,0.125,0.11744857470960413,0.15625,0.043907238713517066
138,0.5,0.15476190476190477,0.5,0.12962962962962962
139,0.25,0.3333333333333333,0.375,0.0660893623510446
140,0.08333333333333333,0.24306206456941748,0.08333333333333333,0.30810185185185185
141,0.05371900826446279,0.2822487375963312,0.0702479338842975,0.07766044824120745
142,0.06640625,0.2086729242979243,0.1015625,0.02234664421506612
143,0.25,0.1370986370986371,0.25,0.27041666666666664
144,0.25,0.3583333333333334,0.25,0.2358974358974359
145,0.2222222222222222,0.37023809523809526,0.3333333333333333,0.2761950165268243
146,0.3333333333333333,0.05737069947596263,0.3333333333333333,0.2333333333333333
147,0.16666666666666666,0.26944444444444443,0.2222222222222222,0.018371297441509324
148,0.5,0.5454545454545454,0.5,0.19791666666666666
149,0.0617283950617284,0.20590900735151615,0.10493827160493828,0.14321637807574536
150,0.11000000000000001,0.10658013368432925,0.14,0.1345431880122347
151,0.25,0.1896121351766513,0.25,0.019034619267761305
152,0.2,0.13702204228520015,0.2,0.02914092119061063
153,0.1,0.26384782608695656,0.22000000000000003,0.020660456272500755
154,0.2,0.1769047619047619,0.2,0.3258333333333333
155,0.14285714285714282,0.44523809523809527,0.18367346938775508,0.23893971381656107
156,0.078125,0.17856287489274306,0.0859375,0.04078438598196189
157,0.5,0.5714285714285714,0.5,0.010937126464260101
158,0.140625,0.1294070512820513,0.375,0.06065344889483059
159,0.07653061224489795,0.26848990608389106,0.09183673469387753,0.1319830986369687
160,0.1239669421487603,0.22382352495988858,0.20661157024793386,0.01130920648859937
161,0.5,0.3125,0.5,0.17528735632183906
162,0.3333333333333333,0.23397435897435895,0.3333333333333333,0.5476190476190476
163,0.08333333333333333,0.16626623376623376,0.08333333333333333,0.3327894327894328
164,0.5,0.28125,0.5,0.018697614442295292
165,0.09027777777777778,0.18416901946952083,0.21527777777777776,0.010409749037335598
166,0.3333333333333333,0.08071895424836602,0.3333333333333333,0.08361365953109072
167,0.25,0.4875,0.25,0.06190927128427128
168,0.1,0.11651468414626309,0.1,0.2722222222222222
169,0.07421875,0.12492613500650435,0.1796875,0.04968991319630435
170,0.16666666666666666,0.4305555555555556,0.16666666666666666,0.03695661646301032
171,0.4444444444444444,0.3194444444444444,0.5555555555555555,0.05487031582392407
172,0.16326530612244894,0.1304421768707483,0.26530612244897955,0.06327944497967998
173,1.0,0.2,1.0,0.008620689655172414
174,0.2,0.07688888888888888,0.28,0.005364273616711086
175,0.16666666666666666,0.12007575757575757,0.16666666666666666,0.23055555555555554
176,0.25,0.4289772727272727,0.25,0.015219222867527953
177,0.25,0.75,0.25,0.5488721804511278
178,0.5,0.1858974358974359,0.5,0.21666666666666667
179,0.2,0.29416666666666663,0.27999999999999997,0.019326522828811157
180,0.3125,0.18762254901960784,0.375,0.19799578059071732
181,0.25,0.23344155844155845,0.25,0.02946221159146389
182,0.09693877551020406,0.09990185176634757,0.14285714285714285,0.01606072850886857
183,0.1,0.3138095238095238,0.1,0.05438852405786192
184,0.25,0.42738095238095236,0.5,0.019032489829825867
185,0.3333333333333333,0.12777777777777777,0.3333333333333333,0.016246867167919798
186,0.3333333333333333,0.45555555555555555,0.3333333333333333,0.19047619047619047
187,0.10743801652892562,0.2987947658402204,0.14049586776859505,0.02482588639138356
188,0.06122448979591837,0.1418457591247928,0.07482993197278913,0.02243373883287148
189,0.25,0.46875,0.25,0.53125
190,0.125,0.16253132832080203,0.125,0.052408856866404036
191,0.19444444444444445,0.1907467532467532,0.2777777777777778,0.2373465421623928
192,0.171875,0.2703373015873016,0.21875,0.0688137437905889
193,0.16666666666666666,0.11049626701800615,0.16666666666666666,0.05193769168903578
194,0.3125,0.15535714285714286,0.375,0.13242402771217132
195,0.5,0.11458333333333333,0.5,0.2661290322580645
196,0.06640625,0.3845211038961039,0.1640625,0.08132870439655485
197,0.14285714285714282,0.3168331668331668,0.14285714285714282,0.04519673262306521
198,0.3333333333333333,0.3703703703703704,0.3333333333333333,0.5833333333333334
199,0.07612456747404843,0.18671809641196851,0.14186851211072662,0.02283348988007857
200,0.24999999999999997,0.20760582010582007,0.3333333333333333,0.04888967439370665
201,0.2,0.22484848484848485,0.2,0.4333333333333334
202,0.055555555555555566,0.10433125198516766,0.15222222222222223,0.02268940683547507
203,0.09090909090909091,0.16711924439197168,0.09090909090909091,0.12706558921973943
204,0.3333333333333333,0.19444444444444442,0.3333333333333333,0.3611111111111111
205,0.06371191135734071,0.22572424881981665,0.1911357340720221,0.02406716878671676
206,0.1,0.08322996046573498,0.1,0.1317512531328321
207,0.5,0.29166666666666663,0.5,0.23809523809523808
208,0.4444444444444444,0.13148148148148148,0.5555555555555555,0.19444444444444445
209,0.09722222222222222,0.1306069749591555,0.34722222222222227,0.13072254261488445
210,0.16666666666666666,0.13755596255596256,0.16666666666666666,0.035277161316323115
211,0.07958477508650519,0.1321378147844183,0.2595155709342561,0.05006074656168735
212,0.16666666666666666,0.43833943833943834,0.16666666666666666,0.09814191386937289
213,0.1,0.24761904761904763,0.1,0.19192640692640692
214,0.3333333333333333,0.22222222222222224,0.3333333333333333,0.014356170445678882
215,0.09467455621301774,0.22574925074925073,0.44378698224852076,0.09145461209571079
216,0.25,0.3327228327228327,0.375,0.11953153511827742
217,0.2,0.12976190476190474,0.2,0.08307983682983683
218,0.2,0.7153846153846153,0.2,0.094655248133509
219,0.125,0.6668612054329371,0.1875,0.04335692072504998
220,0.25,0.3505050505050505,0.375,0.007336669011704881
221,0.09090909090909091,0.13712966491041356,0.15702479338842973,0.029109880478887618
222,0.10416666666666667,0.17403646170093537,0.13888888888888887,0.023868625787535253
223,0.25,0.07586081681476418,0.25,0.2791666666666667
224,0.25,0.8,0.25,0.08063186813186814
225,0.03790087463556851,0.31968646693886793,0.05206164098292378,0.07163296497183337
226,0.06666666666666667,0.4918742368742369,0.06666666666666667,0.04135601958698621
227,0.3333333333333333,0.05675954592363261,0.3333333333333333,0.03629979507172489
228,0.11000000000000001,0.2193107769423559,0.12000000000000002,0.05010928796412667
229,0.07555555555555556,0.28536341436341434,0.27111111111111114,0.033945450134324144
230,0.09090909090909091,0.127014652014652,0.09090909090909091,0.20828690573272618
231,0.09090909090909091,0.28130411255411253,0.23966942148760326,0.014068249409149651
232,0.027613412228796836,0.21188210894468867,0.07955292570677186,0.04134368982407081
233,0.3333333333333333,0.12278244631185808,0.3333333333333333,0.01579828776835054
234,0.16666666666666666,0.19404761904761902,0.16666666666666666,0.15993619670090256
235,0.125,0.059926872233373785,0.15625,0.17336207751015958
236,1.0,0.2,1.0,0.06666666666666667
237,0.1111111111111111,0.16250287554635381,0.1111111111111111,0.04497816161621442
238,0.09090909090909091,0.15038218913817,0.09090909090909091,0.2107880755608028
239,0.24,0.15154761904761901,0.28,0.16092061164641808
240,0.09090909090909091,0.22396038305129212,0.10743801652892561,0.06451994246341415
241,0.75,0.1736111111111111,1.0,0.35185185185185186
242,0.125,0.3055555555555556,0.4375,0.026959162169990992
243,0.3333333333333333,0.13118022328548642,0.3333333333333333,0.38782051282051283
244,0.1234567901234568,0.12142517975851308,0.1604938271604938,0.14655992155992156
245,0.15000000000000002,0.10022449772449774,0.22000000000000003,0.10805921915436864
246,0.1,0.21748376623376622,0.1,0.04505026263647847
247,0.09090909090909091,0.31511221760233615,0.2231404958677686,0.029408937790926907
248,0.25,0.2972222222222222,0.25,0.26639280530789966
249,0.3333333333333333,0.3862745098039216,0.3333333333333333,0.07161285566858322
250,0.25,0.23333333333333334,0.25,0.03421266233766233
251,0.04545454545454544,0.1326037019777705,0.04545454545454544,0.19343049909557336
252,0.125,0.2278729803758408,0.125,0.09834035927151552
253,0.14285714285714282,0.20158730158730157,0.22448979591836735,0.1273413200088295
254,0.125,0.10453451865696112,0.1875,0.01852649710744974
255,0.5555555555555555,0.4340740740740741,0.3333333333333333,0.13333333333333333
256,1.0,0.03571428571428571,1.0,0.1
257,0.2222222222222222,0.5138888888888888,0.3333333333333333,0.018090436599722908
258,0.75,0.5833333333333333,1.0,0.54
259,0.125,0.3288690476190476,0.125,0.42113095238095233
260,0.08284023668639051,0.21805959325962637,0.08875739644970414,0.07037918252483512
261,0.27999999999999997,0.10777888777888778,0.36,0.021031473736499197
262,0.07142857142857141,0.12946623134593058,0.2346938775510204,0.025914514874009816
263,1.0,1.0,1.0,0.25
264,0.08163265306122447,0.10870847749278342,0.11224489795918365,0.009140778857973052
265,0.25,0.12529761904761905,0.25,0.029633596643905923
266,1.0,0.16666666666666666,1.0,0.3333333333333333
267,0.1111111111111111,0.18938427222740947,0.1111111111111111,0.08045084487808946
268,0.09917355371900825,0.09039096112598834,0.10743801652892561,0.048021065998853536
269,0.16666666666666666,0.24027777777777778,0.16666666666666666,0.14344553913519428
270,0.5,0.04464285714285714,0.5,0.5
271,0.2,0.3963369963369963,0.2,0.09657330817414447
272,0.2,0.36746031746031743,0.2,0.4333333333333334
273,0.2222222222222222,0.11352813852813852,0.5277777777777778,0.03302892004870737
274,0.25,0.3020833333333333,0.25,0.045066261914087996
275,0.5,0.5,0.5,0.2616279069767442
276,0.4444444444444444,0.2261904761904762,0.5555555555555555,0.23635943635943635
277,0.2222222222222222,0.40692007797270957,0.3888888888888889,0.03786330545695107
278,0.2,0.4035714285714286,0.2,0.019906673281748416
279,0.1171875,0.14279319397367146,0.1171875,0.1535778832702936
280,0.2040816326530612,0.07918617614269788,0.22448979591836732,0.11404962416648898
281,0.2,0.1077142077142077,0.27999999999999997,0.028552185564787492
282,0.5,0.08333333333333333,0.5,0.10096153846153846
283,0.2222222222222222,0.21614959114959112,0.5,0.02179523220003221
284,0.2222222222222222,0.1787878787878788,0.27777777777777773,0.24928462764416112
285,0.3125,0.24128787878787877,0.375,0.07155517438536307
286,0.16666666666666666,0.05195655848546315,0.2222222222222222,0.01611306520063947
287,0.25,0.23363095238095238,0.25,0.1525297619047619
288,0.2,0.0956984456984457,0.2,0.1366269841269841
289,0.06640625,0.38891117437313094,0.1640625,0.057165051842207625
290,0.25,0.10541979949874686,0.25,0.0693166532149583
291,0.05350772889417361,0.24287605699416895,0.093935790725327,0.09134362313448388
292,0.24,0.3848484848484849,0.28,0.041399068041218526
293,0.16666666666666666,0.4115497076023393,0.16666666666666666,0.20631944444444442
294,0.16049382716049382,0.09644867206141716,0.3333333333333333,0.07326999031585624
295,1.0,0.037037037037037035,1.0,0.007352941176470588
296,0.0438957475994513,0.18612900957672202,0.10288065843621398,0.12650435889374445
297,0.03703703703703703,0.27180148369310786,0.10013717421124826,0.04262606784798447
298,0.16666666666666666,0.1761574074074074,0.16666666666666666,0.21891025641025644
299,0.25,0.4166666666666667,0.25,0.0639945652173913
300,0.1234567901234568,0.23348765432098764,0.16049382716049385,0.10767274970431268
301,0.4444444444444444,0.17727272727272728,0.5555555555555555,0.06716217913822704
302,0.25,0.35416666666666663,0.25,0.3005952380952381
303,0.13000000000000003,0.08831708986324058,0.22000000000000003,0.15038238846076374
304,0.1111111111111111,0.17136243386243386,0.1111111111111111,0.01811022239316813
305,0.125,0.19513888888888886,0.1875,0.010360371467458475
306,0.04347826086956521,0.2652837500663587,0.04347826086956521,0.4107142857142857
307,0.2222222222222222,0.11980271906742494,0.16666666666666666,0.10768398268398267
308,0.5,0.3,0.5,0.005469039673711531
309,0.1,0.10076400207979155,0.1,0.14142243867243867
310,0.08333333333333333,0.024290712971976634,0.08333333333333333,0.10627581840817135
311,0.08284023668639051,0.1616910866910867,0.08875739644970414,0.2502821593122596
312,0.2,0.24761904761904763,0.2,0.0263089649005142
313,0.5,0.1625,0.5,0.02181050656660413
314,0.125,0.11354166666666665,0.15625,0.1574110149110149
315,0.1,0.14931175105088149,0.1,0.17764652014652016
316,0.06666666666666667,0.774024024024024,0.06666666666666667,0.6081416208835563
317,0.06666666666666667,0.19805089647194907,0.08444444444444445,0.11967981704670128
318,0.08,0.1990561186237878,0.10222222222222221,0.06807232851930743
319,0.1,0.2202020202020202,0.1,0.020072763001642145
320,0.09090909090909091,0.26701315480385246,0.14049586776859505,0.01912901231214291
321,0.16666666666666666,0.2986111111111111,0.27777777777777773,0.03206795460559455
322,0.11000000000000001,0.0875234467625772,0.18000000000000002,0.011729781981060627
323,0.25,0.31009615384615385,0.25,0.10907668231611893
324,0.25,0.21527777777777776,0.25,0.23472222222222222
325,0.125,0.23194444444444445,0.125,0.47916666666666663
326,1.0,0.5,1.0,0.009259259259259259
327,0.16666666666666666,0.07833751158219243,0.16666666666666666,0.14259259259259258
328,0.3333333333333333,0.0929406850459482,0.3333333333333333,0.013061768806449658
329,1.0,0.05263157894736842,1.0,0.14285714285714285
330,0.06666666666666667,0.21718426501035198,0.09333333333333332,0.027499818777423326
331,0.3333333333333333,0.14814814814814814,0.3333333333333333,0.3611111111111111
332,0.125,0.31354166666666666,0.125,0.10498965138119483
333,0.11000000000000001,0.1839640768588137,0.18,0.0633490923394215
334,0.1111111111111111,0.752991452991453,0.1358024691358025,0.08544863403209631
335,0.052154195011337875,0.49912439829733063,0.13378684807256236,0.07609532321689463
336,0.05000000000000001,0.2133928571428571,0.05000000000000001,0.5116666666666666
337,0.14285714285714282,0.0951860231271996,0.14285714285714282,0.05122063394122218
338,0.2,0.2595238095238095,0.2,0.027780641118926346
339,0.1358024691358025,0.12664462081128747,0.1111111111111111,0.13554964119418733
340,0.5,0.10084033613445378,0.5,0.5
341,0.14285714285714282,0.28809523809523807,0.14285714285714282,0.036341679025380415
342,0.09090909090909091,0.33878915202444615,0.09090909090909091,0.4924242424242424
343,0.5,0.07631578947368421,0.5,0.05844155844155844
344,0.1111111111111111,0.23014371854241134,0.18518518518518517,0.061854382371247615
345,0.14285714285714282,0.1543504935130551,0.18367346938775508,0.056797560939701404
346,0.1,0.25,0.14,0.0661601512823488
347,1.0,0.5,1.0,0.006944444444444444
348,0.06666666666666667,0.26693362193362197,0.09333333333333332,0.10937217146873053
349,0.5,0.12179487179487179,0.5,0.08392857142857142
350,0.05263157894736841,0.13114748662236927,0.05263157894736841,0.2690891282542825
351,0.2,0.3119047619047619,0.2,0.07462962962962963
352,0.25,0.03144878352678864,0.25,0.10250820440693859
353,0.0769230769230769,0.1813925225812703,0.10059171597633136,0.10697023564670623
354,0.5,0.35,0.5,0.5277777777777778
355,0.14285714285714282,0.24153755601124022,0.14285714285714282,0.09955163883735312
356,0.08333333333333333,0.07197764640261949,0.09722222222222221,0.29391835016835016
357,0.1,0.24281135531135528,0.1,0.37254901960784315
358,0.16326530612244897,0.23492978294996927,0.26530612244897955,0.03721145679883554
359,0.0769230769230769,0.2810865858279651,0.26627218934911245,0.09185416440129567
360,0.19444444444444442,0.2613704961328051,0.2222222222222222,0.07382941342655329
361,0.2,0.1540816326530612,0.2,0.012188214338070288
362,0.16666666666666666,0.43896103896103894,0.16666666666666666,0.06086987857821191
363,0.3333333333333333,0.07407407407407407,0.3333333333333333,0.04641488779419814
364,0.25,0.2222222222222222,0.75,0.022071186463104735
365,0.05263157894736841,0.19677091521720677,0.05263157894736841,0.4322169059011164
366,0.3333333333333333,0.6666666666666666,0.3333333333333333,0.029878091257401606
367,0.2,0.14119047619047614,0.2,0.013775251522798062
368,0.1,0.24677777777777776,0.1,0.26023199023199023
369,0.07555555555555556,0.3557720057720058,0.1377777777777778,0.03275453541670902
370,0.14285714285714282,0.277639751552795,0.14285714285714282,0.075973583619346
371,0.18367346938775508,0.5714285714285714,0.42857142857142855,0.21788782742615492
372,0.5,0.11688311688311688,0.5,0.02621082621082621
373,0.2,0.28909090909090907,0.2,0.13120813397129188
374,0.09090909090909091,0.31843434343434346,0.09090909090909091,0.26969469924015377
375,0.2,0.15694444444444444,0.27999999999999997,0.03798992673992674
376,0.125,0.12998002169828796,0.1875,0.019063148022198093
377,0.14285714285714282,0.1183719641702835,0.14285714285714282,0.3329931972789115
378,0.09917355371900825,0.14481797168962943,0.1239669421487603,0.04385963782570343
379,0.5,0.26666666666666666,0.5,0.012467292596583038
380,0.08284023668639051,0.2473845159365521,0.08875739644970414,0.05580418352433885
381,0.3333333333333333,0.13809523809523808,0.3333333333333333,0.011341806359053797
382,0.0703125,0.1223954164241833,0.0859375,0.1397563293537901
383,0.07555555555555556,0.2665678084099137,0.09333333333333332,0.06889603047115399
384,0.14285714285714282,0.34365079365079365,0.14285714285714282,0.2558441558441559
385,0.125,0.17239583333333336,0.21875,0.047105998698146495
386,0.1358024691358025,0.13463017317506482,0.16049382716049385,0.06275242716268137
387,0.3333333333333333,0.5333333333333333,0.3333333333333333,0.09974747474747475
388,0.0769230769230769,0.2645252183713722,0.08875739644970414,0.1529349066314389
389,0.1076388888888889,0.1692400273926525,0.14930555555555555,0.06412187610488063
390,0.15625,0.28407738095238094,0.34375,0.02616865978872521
391,0.5,0.1875,0.5,0.3125
392,0.08333333333333333,0.4499368686868687,0.125,0.08247935164158966
393,0.2,0.44000000000000006,0.2,0.06034771679932971
394,0.14285714285714282,0.20386002886002888,0.14285714285714282,0.2599686028257457
395,0.12000000000000002,0.187359943977591,0.14,0.02188352700340406
396,0.05555555555555555,0.1390307994474661,0.05555555555555555,0.18223726890393557
397,0.3333333333333333,0.25555555555555554,0.3333333333333333,0.5095238095238095
398,0.3333333333333333,0.3611111111111111,0.3333333333333333,0.28703703703703703
399,0.04761904761904763,0.42822270322270317,0.04761904761904763,0.29555303992942206
400,0.25,0.10683497536945812,0.25,0.03948429714939149
401,0.140625,0.7901785714285714,0.125,0.09910922317948331
402,0.125,0.23125,0.25,0.10922025286975044
403,0.1111111111111111,0.24947089947089943,0.20987654320987653,0.06733445267859989
404,0.1,0.12008648758648759,0.1,0.2544444444444444
405,0.5,0.26666666666666666,0.5,0.03666666666666667
406,0.09090909090909091,0.2902473350101809,0.33884297520661155,0.04998435022573869
407,0.1111111111111111,0.2705571117335823,0.1358024691358025,0.01941292183857181
408,0.07111111111111111,0.102589124570869,0.07555555555555556,0.1557204164944103
409,0.16666666666666666,0.10939692116162703,0.2222222222222222,0.014633738351221602
410,0.125,0.2486607142857143,0.125,0.16111656933714172
411,0.140625,0.1987689393939394,0.1875,0.17085733486943164
412,0.0769230769230769,0.191475723582747,0.10059171597633135,0.18192602416740347
413,0.08163265306122447,0.22573474777573738,0.11224489795918366,0.10537462248634488
414,0.16666666666666666,0.280718954248366,0.2222222222222222,0.016304465724074357
415,1.0,0.5,1.0,0.023809523809523808
416,0.140625,0.2255456349206349,0.15625,0.10054112672523817
417,0.07142857142857141,0.37100340136054427,0.07142857142857141,0.0705070727650458
418,0.1,0.13796703296703297,0.1,0.293792270531401
419,0.16666666666666666,0.32361111111111107,0.16666666666666666,0.01586093327631268
420,0.05555555555555555,0.19482356635134412,0.05555555555555555,0.37722262305595633
421,0.1,0.19834529505582138,0.1,0.2033333333333333
422,1.0,0.058823529411764705,1.0,0.00847457627118644
423,0.1111111111111111,0.12933825433825433,0.16049382716049382,0.02176313489382521
424,0.16666666666666666,0.2021554834054834,0.16666666666666666,0.33055555555555555
425,0.09722222222222222,0.2390289242920822,0.13888888888888887,0.06545961580547564
426,0.2,0.36305986696230597,0.2,0.09953122517082472
427,1.0,0.14285714285714285,1.0,0.013157894736842105
428,0.08333333333333333,0.3007996632996633,0.08333333333333333,0.05070976827084794
429,0.3333333333333333,0.1365079365079365,0.3333333333333333,0.06534576534576535
430,0.16666666666666666,0.1453102453102453,0.22222222222222224,0.08680485211475036
431,0.3333333333333333,0.125,0.3333333333333333,0.05976430976430977
432,0.1111111111111111,0.32275132275132273,0.1111111111111111,0.307767281451492
433,0.1,0.2876190476190476,0.27999999999999997,0.05211378513894917
434,0.0769230769230769,0.20184969944585335,0.08875739644970414,0.24588522588522588
435,0.1111111111111111,0.4027777777777778,0.1111111111111111,0.08998948440646909
436,0.1111111111111111,0.3521164021164021,0.1111111111111111,0.18523477327825152
437,0.1111111111111111,0.29485565269879,0.48148148148148145,0.0595012596827723
438,0.06790123456790123,0.23770020828844357,0.08641975308641975,0.12097225377767414
439,0.0769230769230769,0.3772283272283273,0.08875739644970414,0.08680149058133145
440,0.125,0.23467261904761905,0.125,0.29380411255411254
441,0.5,0.12941176470588237,0.5,0.26785714285714285
442,0.09090909090909091,0.21230486685032138,0.09090909090909091,0.16183917093008005
443,0.25,0.7083333333333333,0.25,0.20029761904761906
444,0.1111111111111111,0.23928627956405726,0.1358024691358025,0.027070725801835737
445,0.3333333333333333,0.08189033189033189,0.3333333333333333,0.008574217688681465
446,0.1111111111111111,0.11738862988862987,0.1111111111111111,0.22444124359116024
447,0.15625,0.14506643072248662,0.21875,0.0638610499676471
448,0.1111111111111111,0.4094837261503928,0.1111111111111111,0.13399988852185235
449,0.5,0.1625,0.5,0.5
450,0.1111111111111111,0.1615263277027983,0.1111111111111111,0.2069468396704169
451,0.10743801652892561,0.36498917748917753,0.17355371900826444,0.01909401390985555
452,0.3125,0.27745535714285713,0.25,0.022612980039660533
453,0.11000000000000001,0.2314524938662869,0.26,0.03316461740807379
454,0.2,0.4138888888888889,0.2,0.1529691564474173
455,0.3333333333333333,0.04784688995215311,0.3333333333333333,0.07792207792207792
456,0.24,0.12677634598990098,0.2,0.0981547004766819
457,0.16666666666666666,0.16917853751187084,0.2222222222222222,0.08013637891495705
458,0.0769230769230769,0.1253637639977482,0.0769230769230769,0.1160677445160204
459,0.16666666666666666,0.5174603174603175,0.16666666666666666,0.06562881562881563
460,0.3125,0.24375000000000002,0.375,0.33439393939393935
461,0.2,0.17583333333333334,0.2,0.06786360698125404
462,0.18367346938775506,0.09296297466354964,0.22448979591836732,0.014616074303332043
463,0.16666666666666666,0.1997065247065247,0.16666666666666666,0.21296296296296294
464,0.10743801652892561,0.25456357432642024,0.17355371900826447,0.08894254348588092
465,0.1,0.12859915510919814,0.1,0.22212759462759463
466,0.14285714285714282,0.30941043083900227,0.14285714285714282,0.10966456315077736
467,0.125,0.16949092574092572,0.125,0.4375
468,0.3333333333333333,0.45555555555555555,0.3333333333333333,0.03034188034188034
469,0.5,0.3214285714285714,0.5,0.08206686930091185
470,0.5,0.3333333333333333,0.5,0.01805985552115583
471,0.25,0.16527777777777777,0.25,0.12330125920646234
472,0.13000000000000003,0.25522588522588524,0.12000000000000002,0.08249163546785573
473,0.14285714285714282,0.3062271062271062,0.14285714285714282,0.07869897959183672
474,0.25,0.27529761904761907,0.25,0.2556818181818182
475,0.24,0.05878133402723566,0.27999999999999997,0.019015271322905168
476,0.140625,0.12685630341880344,0.15625,0.09072035298773587
477,0.16326530612244894,0.09040205825920111,0.30612244897959184,0.032979831501659916
478,0.1,0.34206349206349207,0.26,0.05305014891332027
479,0.16666666666666666,0.22230392156862744,0.16666666666666666,0.27871148459383754
480,0.16326530612244894,0.22949681897050314,0.18367346938775508,0.1330603882490675
481,0.5,0.75,0.5,0.3125
482,0.18367346938775508,0.35714285714285715,0.2653061224489796,0.2306776154955181
483,0.1111111111111111,0.223015873015873,0.1111111111111111,0.4444444444444444
484,0.16666666666666666,0.3107298474945534,0.2222222222222222,0.0704433649058678
485,0.5,0.5263157894736842,0.5,0.75
486,0.09090909090909091,0.24278499278499277,0.09090909090909091,0.024502913488235543
487,0.08333333333333333,0.19986159673659676,0.2916666666666667,0.01556478298331187
488,0.2,0.14790726817042604,0.2,0.07424685451001241
489,0.16326530612244894,0.07981892924504115,0.3061224489795918,0.03482500871552604
490,0.3333333333333333,0.1976190476190476,0.3333333333333333,0.4444444444444444
491,0.1,0.18117165145628142,0.1,0.21422008547008548
492,0.2,0.36466666666666664,0.2,0.039614590775581486
493,0.5,0.125,0.5,0.375
494,0.5555555555555555,0.11430726136608489,0.5555555555555555,0.011324315697825292
495,0.14285714285714282,0.07986874236874238,0.30612244897959184,0.006628481597908507
496,0.3333333333333333,0.5,0.5555555555555555,0.03303656409801661
497,0.14285714285714282,0.20958565244279528,0.14285714285714282,0.3630952380952381
498,0.1358024691358025,0.11060163033847244,0.1358024691358025,0.17833447914093076
499,0.3125,0.14059343434343435,0.375,0.325
500,0.14285714285714282,0.10709132137703567,0.14285714285714282,0.17545280390107973
501,0.14285714285714282,0.1590007215007215,0.14285714285714282,0.0183974201678478
502,0.0625,0.18398626496052967,0.0703125,0.09699047897632251
503,0.25,0.2067550505050505,0.5,0.009754365761697496
504,0.1,0.3581944444444444,0.1,0.03167906146278692
505,0.0769230769230769,0.4129684418145957,0.0769230769230769,0.06443595264710832
506,0.19444444444444442,0.3001984126984127,0.27777777777777773,0.08750065723749934
507,0.5,0.05525846702317291,0.5,0.20833333333333331
508,0.09917355371900825,0.1943950786056049,0.15702479338842976,0.11332259589066838
509,0.08163265306122447,0.15403346121057118,0.07142857142857141,0.27990620490620494
510,0.08333333333333333,0.1903303872053872,0.08333333333333333,0.028492569842087617
511,0.0657439446366782,0.49068627450980395,0.0657439446366782,0.16803433494609965
512,0.3333333333333333,0.5222222222222223,0.3333333333333333,0.14460784313725492
513,1.0,0.5,1.0,0.045454545454545456
514,0.14285714285714282,0.1653086142882061,0.14285714285714282,0.2227891156462585
515,0.14285714285714282,0.2842761666069937,0.14285714285714282,0.03307111285993577
516,0.06925207756232685,0.17294778403899225,0.14958448753462603,0.053099527010230074
517,0.14285714285714282,0.14716553287981857,0.26530612244897955,0.01549883396819089
518,0.14285714285714282,0.18753865182436608,0.14285714285714282,0.04255110149082464
519,0.23456790123456792,0.364564961787184,0.5802469135802469,0.0710488679151524
520,0.2,0.6900000000000001,0.2,0.2542857142857143
521,0.16666666666666666,0.3849206349206349,0.16666666666666666,0.05312209062209062
522,0.16666666666666666,0.1906704406704407,0.2222222222222222,0.19907407407407407
523,0.09917355371900825,0.21455862977602108,0.17355371900826447,0.12538246510358111
524,0.125,0.4,0.125,0.06278050759825207
525,1.0,0.25,1.0,0.02702702702702703
526,0.09090909090909091,0.2622978554013036,0.09090909090909091,0.1945434412147826
527,0.054820415879017,0.20144228767393918,0.12287334593572781,0.06184524257891436
528,0.14285714285714282,0.7959183673469388,0.34693877551020397,0.15173271828561932
529,0.14285714285714282,0.19353741496598637,0.14285714285714282,0.41666666666666663
530,0.25,0.1030581550802139,0.25,0.013725237859539129
531,0.2,0.3280952380952381,0.2,0.23567889317889318
532,0.5,0.28846153846153844,0.5,0.13392857142857142
533,0.25,0.356547619047619,0.25,0.019398843026891807
534,0.05555555555555555,0.16329659230311847,0.05555555555555555,0.23579807124137897
535,0.2,0.23038461538461535,0.2,0.08202056942179856
536,0.05000000000000001,0.24384018759018758,0.07000000000000002,0.0747272575010384
537,0.1,0.23824786324786323,0.1,0.35944444444444446
538,0.1,0.11225579975579976,0.1,0.15559523809523806
539,0.05540166204986148,0.21025132736351573,0.10803324099722993,0.039098520666618765
540,0.06666666666666667,0.2385721685721686,0.06666666666666667,0.3653968253968254
541,0.08333333333333333,0.19570467658702953,0.08333333333333333,0.3166666666666667
542,0.25,0.625,0.25,0.09217836257309941
543,0.2,0.3161904761904762,0.2,0.29761904761904756
544,0.5,0.16346153846153846,0.5,0.13333333333333333
545,0.08673469387755099,0.13258108954537526,0.17346938775510204,0.05789852262841855
546,0.25,0.11192810457516339,0.25,0.1539583333333333
547,0.1111111111111111,0.2862433862433862,0.14814814814814817,0.04257916904710592
548,0.3333333333333333,0.19444444444444442,0.3333333333333333,0.2476190476190476
549,0.25,0.2509920634920635,0.25,0.08203207387989997
550,0.14285714285714282,0.2970238095238095,0.14285714285714282,0.3358843537414966
551,0.09090909090909091,0.14358789358789356,0.10743801652892561,0.10935906552341002
552,1.0,0.09090909090909091,1.0,0.043478260869565216
553,0.5,0.29166666666666663,0.5,0.09027777777777778
554,0.140625,0.404985119047619,0.1875,0.13272347967077266
555,0.125,0.0874876220270957,0.125,0.12724654377880185
556,0.5,0.0992063492063492,0.5,0.035759897828863345
557,0.2,0.24552166121240454,0.2,0.08722186366709692
558,0.2,0.2653361344537815,0.2,0.27360153256704983
559,0.3333333333333333,0.15158730158730158,0.3333333333333333,0.4444444444444444
560,0.5,0.13125,0.5,0.03434684684684684
561,1.0,0.047619047619047616,1.0,0.009708737864077669
562,0.14285714285714282,0.3227040816326531,0.30612244897959184,0.011367589403094513
563,0.5,0.2685185185185185,0.5,0.010637358757062147
564,0.25,0.34506302521008403,0.25,0.5
565,0.07142857142857141,0.3802819204604919,0.07142857142857141,0.2972031236737119
566,0.5,0.3214285714285714,0.5,0.10833333333333334
567,0.24,0.2188888888888889,0.36,0.07333950790808377
568,0.25,0.08720588235294116,0.25,0.007531971960647653
569,0.3333333333333333,0.6851851851851851,0.3333333333333333,0.05431734097147631
570,0.14285714285714282,0.23253968253968255,0.14285714285714282,0.49489795918367346
571,0.125,0.48983585858585854,0.15625,0.04005690208395611
572,0.2,0.36190476190476184,0.2,0.4066666666666666
573,1.0,0.16666666666666666,1.0,0.14285714285714285
574,0.0769230769230769,0.24967955678658021,0.0769230769230769,0.06378659954758503
575,0.4444444444444444,0.5499999999999999,0.3333333333333333,0.1727218176363091
576,0.0769230769230769,0.3216422466422467,0.10059171597633135,0.133847776217071
577,0.5,0.5,0.5,0.5714285714285714
578,0.3333333333333333,0.45,0.3333333333333333,0.07638888888888888
579,0.3333333333333333,0.5370370370370371,0.3333333333333333,0.08734567901234569
580,0.058823529411764705,0.21879863056333645,0.08650519031141868,0.03065146287012337
581,0.14285714285714282,0.20234275528393172,0.14285714285714282,0.31150793650793657
582,0.16326530612244894,0.3523809523809524,0.4693877551020408,0.08448570661274606
583,0.1111111111111111,0.20793650793650795,0.1111111111111111,0.052173387774823304
584,0.1,0.3412457668118046,0.1,0.35018518518518515
585,0.09917355371900825,0.3400189827997315,0.10743801652892561,0.26522760430371456
586,0.3125,0.18492063492063493,0.375,0.1271853146853147
587,0.1,0.20249999999999999,0.12000000000000002,0.3726190476190476
588,0.16666666666666666,0.5018518518518519,0.16666666666666666,0.1332635175282234
589,0.3333333333333333,0.7000000000000001,0.3333333333333333,0.27037037037037037
590,0.0625,0.3677083333333333,0.0625,0.23769444065042977
591,0.07142857142857141,0.40960884353741495,0.1020408163265306,0.031134212743913287
592,0.14285714285714282,0.11415145005370568,0.14285714285714282,0.07278297099725671
593,0.5,0.2857142857142857,0.5,0.05295566502463054
594,0.2,0.23166666666666663,0.2,0.4666666666666666
595,0.16049382716049385,0.21773914844090284,0.16049382716049382,0.1530445804052615
596,0.24,0.20746031746031743,0.36,0.03304989126538695
597,0.10743801652892561,0.19476157107826053,0.09090909090909091,0.10002689389620639
598,0.14285714285714282,0.22712458802684368,0.14285714285714282,0.1381140049071738
599,0.2,0.2364313725490196,0.2,0.34523809523809523
600,0.1,0.25142246642246646,0.16000000000000003,0.12374600011043482
601,0.09027777777777778,0.20082849169068331,0.12499999999999999,0.06323848155848162
602,0.1111111111111111,0.2951940035273368,0.1111111111111111,0.38359788359788355
603,0.08,0.1243565352775879,0.12000000000000001,0.03438122959103245
604,0.1111111111111111,0.11774181732472064,0.1111111111111111,0.17170229396534278
605,0.15625,0.12707544191919193,0.125,0.02574379624414156
606,0.1,0.28833333333333333,0.1,0.23729408992566886
607,0.1111111111111111,0.12477852881361653,0.1111111111111111,0.16625437049413658
608,0.09090909090909091,0.11565891837630969,0.09090909090909091,0.22193579875502073
609,0.16666666666666666,0.7430555555555557,0.16666666666666666,0.08914625797618125
610,0.12000000000000002,0.23226190476190478,0.16000000000000003,0.021212789987430408
611,0.1358024691358025,0.11421118026809084,0.1111111111111111,0.06457451682697068
612,0.09090909090909091,0.18560606060606064,0.10743801652892561,0.02787445925719739
613,0.05864197530864198,0.1731336179252846,0.1111111111111111,0.042664554093886024
614,0.09090909090909091,0.32417355371900825,0.09090909090909091,0.28098568098568094
615,0.16666666666666666,0.45436507936507936,0.2222222222222222,0.1303232998885173
616,0.5,0.1875,0.5,0.038825757575757576
617,0.16666666666666666,0.47222222222222215,0.16666666666666666,0.10054308010829749
618,0.2,0.5233333333333333,0.2,0.07735209235209235
619,0.08333333333333333,0.14052139130506003,0.08333333333333333,0.029287870036794544
620,0.05895691609977324,0.17429461005102695,0.19954648526077096,0.04177302320759062
621,0.25,0.13090277777777778,0.25,0.06398896802122608
622,0.14285714285714282,0.306567242281528,0.14285714285714282,0.20681605975723621
623,0.25,0.049353239845261125,0.25,0.07162698412698412
624,0.0769230769230769,0.2065934065934066,0.0769230769230769,0.3836996336996337
625,0.125,0.18211996336996336,0.125,0.2986111111111111
626,0.125,0.31720142602495544,0.21875,0.06194705257205257
627,0.16666666666666666,0.2674501424501424,0.16666666666666666,0.11286911783683663
628,0.16666666666666666,0.3796296296296296,0.16666666666666666,0.468367889420521
629,0.08875739644970414,0.2393079539508111,0.11242603550295859,0.08767010026637588
630,0.16666666666666666,0.35714285714285704,0.16666666666666666,0.09757562456045953
631,0.2,0.1683333333333333,0.2,0.4384615384615385
632,0.15625,0.1694509144237405,0.1875,0.18279856054962487
633,0.25,0.09750457875457876,0.375,0.0163307872493457
634,0.16666666666666666,0.4305555555555556,0.16666666666666666,0.10879725044311082
635,0.5,0.11458333333333333,0.5,0.05235042735042735
636,0.08333333333333333,0.06772908975818573,0.08333333333333333,0.06535963508887767
637,0.05555555555555555,0.2569444444444444,0.05555555555555555,0.3247818192993632
638,0.171875,0.2728643341307815,0.28125,0.0650673337539001
639,0.09027777777777778,0.19541900093370682,0.11111111111111112,0.10601094798418542
640,0.25,0.25606060606060604,0.25,0.4602272727272727
641,0.125,0.04914919899003091,0.125,0.2897664835164835
642,0.5,0.038157894736842106,0.5,0.017895816710361334
643,0.25,0.525,0.25,0.13253205128205128
644,0.16666666666666666,0.06053046218487395,0.16666666666666666,0.15712011418533156
645,0.06666666666666667,0.40253475707976893,0.07555555555555556,0.14077945453759522
646,0.125,0.08783265345765345,0.21875,0.046515676270381966
647,0.14285714285714282,0.4540162218733647,0.14285714285714282,0.16384727804165142
648,0.3333333333333333,0.5476190476190476,0.3333333333333333,0.027311367850520612
649,0.16326530612244897,0.1832251082251082,0.18367346938775508,0.29712399129692363
650,0.1,0.2594184367404182,0.16000000000000003,0.007282621954902135
651,0.5,0.1875,0.5,0.0734126984126984
652,0.08875739644970414,0.1034193954454472,0.2781065088757397,0.0206780865746704
653,0.1,0.2705988455988456,0.26,0.027825530177197737
654,0.375,0.09754318394024276,0.5,0.059662225087757
655,0.3333333333333333,0.5666666666666667,0.3333333333333333,0.03537414965986394
656,0.25,0.2648809523809524,0.25,0.15235440534642664
657,0.0769230769230769,0.41239316239316237,0.08875739644970414,0.24762272630045687
658,0.14285714285714282,0.11313619546702254,0.14285714285714282,0.4642857142857143
659,0.04752066115702478,0.286211137347501,0.07851239669421486,0.19071025587188578
660,0.14285714285714282,0.5158730158730159,0.14285714285714282,0.060954154389028334
661,0.16666666666666666,0.24444444444444446,0.16666666666666666,0.25595238095238093
662,0.125,0.28802083333333334,0.125,0.06790207376857985
663,0.05263157894736841,0.3202808156755525,0.20221606648199444,0.03430979863472714
664,0.125,0.23098958333333333,0.125,0.18079594017094017
665,0.25,0.3421474358974359,0.25,0.3204365079365079
666,0.1358024691358025,0.10941244093978872,0.16049382716049385,0.1475013590943586
667,0.04513888888888889,0.37850020350020347,0.041666666666666664,0.1955105401650313
668,0.125,0.5894886363636364,0.125,0.476853354978355
669,0.125,0.24181547619047616,0.125,0.04028177977437559
670,0.05500000000000001,0.05240389448537778,0.06000000000000001,0.06765283960184693
671,0.1111111111111111,0.21936026936026937,0.1111111111111111,0.2676470588235294
672,0.2,0.18019607843137256,0.27999999999999997,0.01602084807131689
673,0.14285714285714282,0.20147907647907645,0.14285714285714282,0.08563555269762434
674,0.14285714285714282,0.2637944066515495,0.14285714285714282,0.2912087912087912
675,0.3333333333333333,0.14869281045751634,0.3333333333333333,0.29365079365079366
676,0.1111111111111111,0.19238816738816739,0.1111111111111111,0.29757783145464306
677,0.3333333333333333,0.27037037037037037,0.3333333333333333,0.38486312399355876
678,0.07142857142857141,0.18643051889245105,0.07142857142857141,0.05501604871899945
679,0.5,0.20512820512820512,0.5,0.02548076923076923
680,1.0,0.2,1.0,0.05263157894736842
681,0.04761904761904763,0.2531084656084656,0.04761904761904763,0.25846747790025104
682,0.125,0.2085858585858586,0.125,0.14105685297860493
683,0.1111111111111111,0.1394219977553311,0.1358024691358025,0.14888108386564303
684,0.14285714285714282,0.13051220488195278,0.14285714285714282,0.04305398434318296
685,0.16666666666666666,0.11742577597840757,0.16666666666666666,0.1766624040920716
686,0.0625,0.3498139880952381,0.0625,0.3019758844607635
687,0.4444444444444444,0.41919191919191917,0.5555555555555555,0.25925925925925924
688,0.16666666666666666,0.2423280423280423,0.16666666666666666,0.035858646505432835
689,1.0,0.25,1.0,0.037037037037037035
690,0.09183673469387753,0.25368738404452695,0.12244897959183672,0.060449975023377504
691,0.140625,0.15741862304362303,0.25,0.056685918921428005
692,0.2,0.14653344591425088,0.2,0.03440041897841279
693,0.2,0.16833333333333333,0.2,0.08039276767612817
694,0.18518518518518517,0.3991755158421825,0.1358024691358025,0.1882055025329879
695,0.1358024691358025,0.563011063011063,0.16049382716049385,0.1091030251553873
696,0.25,0.7625,0.625,0.009702899920291226
697,0.125,0.23928571428571427,0.125,0.31104323308270676
698,0.3333333333333333,0.07257031467557783,0.3333333333333333,0.13071895424836602
699,0.08333333333333333,0.22136984928651596,0.08333333333333333,0.12712842712842715
700,0.16666666666666666,0.17492368742368744,0.16666666666666666,0.16569200779727095
701,0.06666666666666667,0.14188182188182188,0.06666666666666667,0.05874310740252768
702,0.16666666666666666,0.06405723905723905,0.16666666666666666,0.143567149081855
703,0.5,0.3,0.5,0.5
704,0.2,0.09782467532467533,0.27999999999999997,0.10332944556037926
705,0.2,0.08941025641025642,0.2,0.023620894440153084
706,1.0,0.2,1.0,0.034482758620689655
707,0.25,0.1443051629221842,0.25,0.015943208038020646
708,0.14285714285714282,0.22063492063492066,0.14285714285714282,0.028544692917774266
709,0.09090909090909091,0.19589038412567825,0.25619834710743794,0.02243308390946687
710,0.16666666666666666,0.17444083694083692,0.16666666666666666,0.2732426303854875
711,0.14285714285714282,0.2726190476190476,0.14285714285714282,0.031159481420846995
712,0.125,0.2909722222222222,0.125,0.4625
713,0.3333333333333333,0.5416666666666666,0.3333333333333333,0.3636363636363636
714,0.1,0.448452380952381,0.12000000000000002,0.07171500371168146
715,0.16666666666666666,0.3194444444444444,0.16666666666666666,0.08617485455720748
716,0.5,0.10714285714285714,0.5,0.017427884615384616
717,0.1111111111111111,0.5286195286195285,0.1111111111111111,0.07451446277509254
718,0.16666666666666666,0.7138888888888889,0.16666666666666666,0.05149679754942913
719,0.1111111111111111,0.37380274046940715,0.18518518518518517,0.03737530001121201
720,0.125,0.27470689033189033,0.15625,0.03940436976683252
721,0.11734693877551018,0.1389089474031782,0.15306122448979592,0.09589847597572808
722,0.2,0.15955128205128205,0.2,0.06650623885918003
723,0.2,0.09985994397759104,0.2,0.028061491653122807
724,0.08875739644970412,0.2763907660966484,0.0769230769230769,0.2784408573882258
725,0.04347826086956521,0.3166775634739022,0.04347826086956521,0.39135468680225705
726,0.14285714285714282,0.19269968753051456,0.18367346938775506,0.02842521826288347
727,0.1,0.29796254470167516,0.1,0.20767376846773627
728,0.05555555555555555,0.3734256212197389,0.07407407407407407,0.020559908154721418
729,0.3333333333333333,0.5833333333333334,0.3333333333333333,0.022699525943243065
730,0.25,0.40029761904761907,0.25,0.3499331550802139
731,0.09090909090909091,0.5599567099567099,0.09090909090909091,0.09744557717141634
732,0.09027777777777778,0.27611131152797813,0.11111111111111109,0.028092363271062567
733,0.08875739644970414,0.27549558284852405,0.08875739644970412,0.035563338270073866
734,0.3333333333333333,0.46428571428571425,0.3333333333333333,0.6666666666666666
735,0.2,0.14397546897546898,0.2,0.19523809523809524
736,0.14285714285714282,0.21960579103436245,0.14285714285714282,0.2192355889724311
737,0.08333333333333333,0.21832611832611834,0.08333333333333333,0.19075140927275072
738,0.09090909090909091,0.33181818181818185,0.09090909090909091,0.04839240952532276
739,0.5,0.5454545454545454,0.5,0.17753623188405795
740,0.08333333333333333,0.380715811965812,0.08333333333333333,0.1222608489071904
741,0.06666666666666667,0.27485042735042736,0.06666666666666667,0.2434566612512837
742,0.06371191135734072,0.3903967584866055,0.11911357340720219,0.08680878799385983
743,0.5,0.11458333333333333,0.5,0.04497354497354497
744,0.140625,0.305448717948718,0.15625,0.28050190864389235
745,0.25,0.18134920634920637,0.375,0.2688514708098551
746,0.14285714285714282,0.619047619047619,0.14285714285714282,0.04241882105399595
747,0.25,0.07083333333333333,0.25,0.11396520146520146
748,0.2,0.39333333333333337,0.2,0.05125716845878135
749,0.140625,0.19814213564213562,0.1875,0.07134473148793094
750,0.0769230769230769,0.45009157509157505,0.12426035502958578,0.08113425441114619
751,0.1358024691358025,0.21158855270220642,0.1111111111111111,0.04040749611187459
752,0.05540166204986148,0.27378992266763164,0.0858725761772853,0.02966567467282508
753,0.5,0.625,0.5,0.05844155844155844
754,0.058823529411764705,0.23392857142857143,0.058823529411764705,0.2784101519395637
755,1.0,0.3333333333333333,1.0,0.034482758620689655
756,0.25,0.31717171717171716,0.25,0.4105392156862745
757,0.1,0.44761904761904764,0.1,0.1394047619047619
758,1.0,0.14285714285714285,1.0,0.14285714285714285
759,0.2,0.24019607843137253,0.2,0.18786231884057972
760,0.16666666666666666,0.2857142857142857,0.16666666666666666,0.3392468098350451
761,0.04761904761904763,0.1979743008314437,0.04761904761904763,0.3073551642879374
762,0.2,0.31567460317460316,0.2,0.1471679641756368
763,0.044378698224852076,0.2423395941528162,0.07100591715976332,0.04547568067587931
764,0.1,0.16466889390802433,0.14,0.08141112696445495
765,0.3333333333333333,0.4365079365079365,0.3333333333333333,0.36297760210803687
766,0.1111111111111111,0.4922398589065256,0.1111111111111111,0.31167471819645726
767,0.14285714285714282,0.40817515817515815,0.14285714285714282,0.07438721359694003
768,0.25,0.05087719298245613,0.25,0.20137362637362635
769,0.1,0.2032308377896613,0.2,0.02774353710714985
770,0.125,0.2329481792717087,0.125,0.027169193563621172
771,0.09027777777777778,0.25351673789173795,0.08333333333333333,0.18825657404925697
772,0.04347826086956521,0.46429383347541914,0.047258979206049136,0.13521807145683137
773,0.5,0.3214285714285714,0.5,0.06971153846153846
774,0.3333333333333333,0.375,0.3333333333333333,0.027415079035353233
775,0.16666666666666666,0.16924186924186924,0.16666666666666666,0.362962962962963
776,0.19444444444444442,0.2222943722943723,0.22222222222222224,0.1356217681536153
777,0.06666666666666667,0.34055555555555556,0.06666666666666667,0.10064315377816521
778,0.1111111111111111,0.23280423280423282,0.1111111111111111,0.2593073593073593
779,0.16666666666666666,0.09989932095195253,0.16666666666666666,0.10268157768157767
780,0.1234567901234568,0.17635327635327636,0.1358024691358025,0.3499322493224932
781,1.0,0.1111111111111111,1.0,0.07692307692307693
782,0.16666666666666666,0.2996031746031746,0.16666666666666666,0.04218358170990813
783,0.16666666666666666,0.39814814814814814,0.16666666666666666,0.05251554988829208
784,0.3333333333333333,0.29365079365079366,0.3333333333333333,0.234006734006734
785,0.3333333333333333,0.28030303030303033,0.3333333333333333,0.34027777777777773
786,0.3333333333333333,0.5833333333333334,0.3333333333333333,0.2976190476190476
787,0.5,0.5277777777777778,0.5,0.05184331797235023
788,0.3333333333333333,0.5416666666666666,0.3333333333333333,0.06597653554175292
789,0.19444444444444445,0.207475394975395,0.16666666666666666,0.3355855855855856
790,0.25,0.3458333333333333,0.25,0.0664828431372549
791,0.5,0.2833333333333333,0.5,0.20512820512820512
792,0.08875739644970414,0.1916203454664993,0.15976331360946747,0.044283948736634146
793,0.06000000000000001,0.3613888888888889,0.06000000000000001,0.07235707185087366
794,0.5,0.29166666666666663,0.5,0.75
795,0.08163265306122447,0.4520013977250819,0.11224489795918365,0.14924617230888923
796,0.3333333333333333,0.43333333333333335,0.3333333333333333,0.01635966204931722
797,0.125,0.1840697496947497,0.125,0.03246188495145436
798,0.16666666666666666,0.2496031746031746,0.16666666666666666,0.15975146463211254
799,0.08163265306122447,0.3236111111111111,0.11224489795918366,0.033509143583626645
800,0.2,0.2519047619047619,0.2,0.13872374398690188
801,0.08333333333333333,0.27516025641025643,0.1111111111111111,0.057450243397832584
802,0.125,0.46354166666666663,0.125,0.24816693722943722
803,0.24,0.09792965319281108,0.36,0.13501152086809456
804,0.14285714285714282,0.20364145658263305,0.14285714285714282,0.07347985607745208
805,0.24,0.14711556559382646,0.27999999999999997,0.11615148679559159
806,0.0625,0.25179586038961044,0.0859375,0.10142349851851418
807,0.08333333333333333,0.3153350883757852,0.2222222222222222,0.02135481453288256
808,0.2,0.3604040404040404,0.2,0.08255411255411255
809,0.14285714285714282,0.15736961451247167,0.14285714285714282,0.3452380952380953
810,0.12000000000000002,0.276468253968254,0.12000000000000002,0.18918686774618973
811,0.3333333333333333,0.41075268817204297,0.3333333333333333,0.02572439947021887
812,0.16666666666666666,0.24633237133237132,0.16666666666666666,0.06516973532901442
813,0.28,0.3935664335664335,0.2,0.02748284352244748
814,0.2,0.17757936507936506,0.2,0.013382129420324757
815,0.3333333333333333,0.6666666666666666,0.3333333333333333,0.5416666666666666
816,0.1111111111111111,0.18715862103543263,0.1111111111111111,0.17851109254618025
817,0.10743801652892561,0.27333499833499836,0.10743801652892561,0.038914383369469285
818,0.09090909090909091,0.12619703528794435,0.09090909090909091,0.17549950049950047
819,0.14285714285714282,0.19308905380333954,0.14285714285714282,0.024956664399588636
820,0.5,0.5333333333333333,0.5,0.12000000000000001
821,0.125,0.1950937950937951,0.125,0.0546357460769005
822,0.1111111111111111,0.1968253968253968,0.1111111111111111,0.04303704576553165
823,0.16666666666666666,0.3126984126984127,0.16666666666666666,0.18281979458450048
824,0.3333333333333333,0.38888888888888884,0.3333333333333333,0.27777777777777773
825,0.16666666666666666,0.17361111111111108,0.16666666666666666,0.22268518518518518
826,0.1111111111111111,0.3103174603174603,0.1604938271604938,0.028342032836999567
827,0.2,0.12847222222222224,0.27999999999999997,0.3466666666666667
828,1.0,1.0,1.0,0.5
829,0.2,0.14627705627705628,0.2,0.15705128205128205
830,0.15625,0.1179277898027898,0.1875,0.016869264771795876
831,0.16666666666666666,0.25170122275385437,0.16666666666666666,0.057271990461645626
832,0.125,0.22011986855736856,0.15625,0.022138032931003478
833,1.0,1.0,1.0,0.1111111111111111
834,0.22222222222222224,0.39814814814814814,0.22222222222222224,0.14383185500096227
835,0.25,0.3143939393939394,0.25,0.055281493868450396
836,0.2,0.20555555555555555,0.2,0.058268883935954884
837,0.09090909090909091,0.3343434343434344,0.09090909090909091,0.1309100804855522
838,0.08984375,0.2599205627848118,0.109375,0.02619209427317337
839,0.125,0.2180479242979243,0.125,0.07547177518601081
840,0.3333333333333333,0.22023809523809523,0.3333333333333333,0.38095238095238093
841,0.1,0.1433305100696405,0.12000000000000002,0.08393660163093587
842,0.25,0.3458333333333333,0.25,0.11904761904761904
843,0.14285714285714282,0.32332264009282646,0.14285714285714282,0.07081113725610212
844,0.16666666666666666,0.3907407407407408,0.16666666666666666,0.7000000000000001
845,0.053254437869822494,0.06774615196506882,0.07692307692307694,0.01631872732666949
846,0.3333333333333333,0.1537037037037037,0.3333333333333333,0.040981432360742705
847,0.5,0.2672413793103448,0.5,0.225
848,0.08333333333333333,0.15404799508060377,0.08333333333333333,0.06412540223073482
849,0.16666666666666666,0.3821428571428571,0.16666666666666666,0.2931940892298948
850,0.08,0.19446348337652689,0.1111111111111111,0.10165177069950442
851,0.5,0.23809523809523808,0.5,0.01691017316017316
852,0.25,0.2567307692307692,0.25,0.625
853,0.14285714285714282,0.09168462256697552,0.18367346938775508,0.15079365079365079
854,0.2,0.38166666666666665,0.2,0.425109649122807
855,0.16666666666666666,0.33214285714285713,0.16666666666666666,0.14858674463937624
856,0.125,0.5744791666666667,0.125,0.1321938478188478
857,0.25,0.11086956521739129,0.25,0.0955128205128205
858,0.3125,0.13667582417582416,0.25,0.1608652312599681
859,0.14000000000000004,0.1982886557886558,0.14000000000000004,0.07141732084224847
860,0.05263157894736841,0.17300817834058832,0.05263157894736841,0.09280688663914023
861,0.5,0.625,0.5,0.035628019323671496
862,0.3333333333333333,0.8333333333333334,0.3333333333333333,0.12289562289562289
863,0.15625,0.2591117216117216,0.1875,0.12922530945773314
864,0.14285714285714282,0.19273504273504274,0.18367346938775506,0.017338645411805444
865,1.0,0.08333333333333333,1.0,0.25
866,0.16326530612244894,0.10118754654358371,0.14285714285714282,0.13848168826929838
867,0.125,0.09958489974937343,0.125,0.5869398974867724
868,0.10650887573964497,0.23259538350036094,0.11242603550295856,0.18573627194148823
869,0.2,0.2785714285714286,0.2,0.0846317433617686
870,0.5,0.225,0.5,0.03463203463203463
871,0.09917355371900825,0.16841991341991341,0.09090909090909091,0.10509366015013887
872,0.08333333333333333,0.25922619047619044,0.08333333333333333,0.03981948649630701
873,0.16666666666666666,0.21825396825396826,0.16666666666666666,0.1132692843219159
874,0.2,0.30190476190476184,0.2,0.13129960317460315
875,0.5,0.1607142857142857,0.5,0.029034690799396683
876,0.09917355371900825,0.15330161584521038,0.09090909090909091,0.036501630258660905
877,0.125,0.14891409266409267,0.125,0.23442872838790688
878,0.1111111111111111,0.39369889369889366,0.1111111111111111,0.030348821734677553
879,0.5,0.75,0.5,0.75
880,0.1111111111111111,0.5685185185185184,0.1111111111111111,0.22975512142178806
881,0.5,0.15476190476190477,0.5,0.01755702280912365
882,0.3333333333333333,0.15178571428571427,0.3333333333333333,0.2333333333333333
883,0.08875739644970414,0.41937869822485213,0.08875739644970414,0.12611560838577723
884,0.16666666666666666,0.08863705738705739,0.16666666666666666,0.0946473959954352
885,0.3333333333333333,0.2636363636363636,0.3333333333333333,0.06714466089466088
886,0.5,0.5454545454545454,0.5,0.04414335664335665
887,0.3333333333333333,0.08582621082621082,0.3333333333333333,0.09098784927841382
888,0.1111111111111111,0.22455229955229955,0.1111111111111111,0.08239375320020481
889,0.25,0.20128205128205126,0.25,0.09477508841732979
890,0.14285714285714282,0.18611626468769324,0.14285714285714282,0.22587095444238298
891,0.09722222222222221,0.1687680375180375,0.09722222222222221,0.1526374878630358
892,0.16666666666666666,0.1536549707602339,0.16666666666666666,0.11616283963953992
893,0.5,0.5294117647058824,0.5,0.20833333333333331
894,1.0,0.125,1.0,0.024390243902439025
895,1.0,0.5,1.0,0.5
896,1.0,1.0,1.0,0.5
897,0.5,0.75,0.5,0.059433962264150944
898,0.2,0.3283333333333333,0.2,0.13621439963545226
899,1.0,1.0,1.0,1.0
